{"noiseKey":{"private":{"type":"Buffer","data":"GPP8zU3MgvmT2Fzi+cgWz0Hlxc8gHoJUj1L8xyuhcGY="},"public":{"type":"Buffer","data":"g4NU9PKnzTwmdZUZUp0S4sPlke+avRWC2odW0I7nzw0="}},"pairingEphemeralKeyPair":{"private":{"type":"Buffer","data":"+HtriER8v8FaUTYd0yfS+ZWjlcFoPBLGBpgmslSvJ0A="},"public":{"type":"Buffer","data":"Qcw5E9qaGGYyNqJeNvEcidRjcmcMxEzcSLTwNKtrgnQ="}},"signedIdentityKey":{"private":{"type":"Buffer","data":"2CwbLrjFS9xhxiH9CUu5foPlh9KoBjP5X0gzGmBFiFI="},"public":{"type":"Buffer","data":"25033VtoYHgy5WmOr6BS9kBwvqRO+r2jyJnEwyVGH1k="}},"signedPreKey":{"keyPair":{"private":{"type":"Buffer","data":"oN4fspNn4bpFjaCBu8zWVmxqa9iFvaH2N+1hycmOM3c="},"public":{"type":"Buffer","data":"aG6JgKoMHf2V+XBHTAWnJp9zrDYBIeD2wqAoecuey2M="}},"signature":{"type":"Buffer","data":"GogKMjm/mAsxZAne3KmMmdrAhyL3J7nQN19clZWLeAVAuxRCJVpB4xNX8S/S2f7SV0hIRqxGOj0m6o4e5JzHjg=="},"keyId":1},"registrationId":143,"advSecretKey":"QU3zGqwbiKvU4bJwfPRJrXPsKzzMkyt5HlZvazeCDqI=","processedHistoryMessages":[{"key":{"remoteJid":"254112658916@s.whatsapp.net","fromMe":true,"id":"1129F31D348005AD7D88A8A0B37DBF88"},"messageTimestamp":1723055036}],"nextPreKeyId":31,"firstUnuploadedPreKeyId":31,"accountSyncCounter":0,"accountSettings":{"unarchiveChats":false},"deviceId":"HNNZ3xA0Sneo9xne75H5AA","phoneId":"08c4087a-7c6b-4615-b33a-c57240892b22","identityId":{"type":"Buffer","data":"GUTdQz/q9FdMco8Ltkmw35sJQ9g="},"registered":true,"backupToken":{"type":"Buffer","data":"Dajbnnf2yrynel793TGvQH/IdCw="},"registration":{},"pairingCode":"AWDP6DYE","me":{"id":"254112658916:97@s.whatsapp.net","lid":"51037482274981:97@lid"},"account":{"details":"CLba76AGEKX3zrUGGAIgACgA","accountSignatureKey":"/BTZ8b1FbVLHZpup1cp9MKeTb0QK9C3wSLd8giYbRiU=","accountSignature":"QRn97GbAlIezbe+oeBwdgtiyJnmItmuEk0Iyx4SdcF5a16pLiOfDskg3yyYR4U1wmz+Kit/tFXZz0GyVVbr3Bg==","deviceSignature":"7pzsRpKPyRn2kLWtDpgWmshzAeKYlKHNRJ7c9l58XMbkFHKAIuZxrqGDwBY5gEtgAeibx2keQWpBcEGh7IncgA=="},"signalIdentities":[{"identifier":{"name":"254112658916:97@s.whatsapp.net","deviceId":0},"identifierKey":{"type":"Buffer","data":"BfwU2fG9RW1Sx2abqdXKfTCnk29ECvQt8Ei3fIImG0Yl"}}],"platform":"android","routingInfo":{"type":"Buffer","data":"CAIICA=="},"lastAccountSyncTimestamp":1723055027,"lastPropHash":"2F9yxz","myAppStateKeyId":"AAAAAMV9"}